data,nivel cm,ARIMA_predistion,GARCH_prediction,ARIMA-LSTM_Pred
2020-03-14,672,673.5746394066034,,
2020-03-15,672,676.2001101407144,,
2020-03-16,670,677.9316429123317,,
2020-03-17,670,679.3689560477212,,
2020-03-18,670,680.3894481508323,,
2020-03-19,670,681.1411278962439,,
2020-03-20,670,681.6444222688226,,
2020-03-21,672,681.9567539903286,,
2020-03-22,674,682.108558214306,,
2020-03-23,674,682.1313925419212,,
2020-03-24,678,682.0483422908942,,
2020-03-25,686,681.879371556511,,
2020-03-26,690,681.640352658796,,
2020-03-27,692,681.3444376429052,,
2020-03-28,694,681.0023023736385,,
2020-03-29,696,680.6227012435678,,
2020-03-30,698,680.2127766758252,,
2020-03-31,564,679.7783703745913,,
2020-04-01,566,679.3242541135938,,708.6437738608847
2020-04-02,566,678.8543279313826,,
2020-04-03,566,678.3717782501484,,
2020-04-04,566,677.8792086813735,,
2020-04-05,566,677.3787463026526,,
2020-04-06,570,676.8721287792422,,
2020-04-07,574,676.3607754675188,,
2020-04-08,580,675.8458455727798,,
2020-04-09,582,675.3282856667076,,
2020-04-10,588,674.808868532124,,
2020-04-11,592,674.2882249094728,,
2020-04-12,596,673.7668694455559,,
2020-04-13,600,673.2452219019558,,
2020-04-14,606,672.7236244896637,,
2020-04-15,608,672.2023560372488,,
2020-04-16,608,671.6816435710634,,
2020-04-17,608,671.161671780167,,
2020-04-18,610,670.6425907523638,,
2020-04-19,612,670.1245222971527,,
2020-04-20,518,669.6075651137064,,
2020-04-21,620,669.0917990148505,,
2020-04-22,624,668.5772883794734,,
2020-04-23,628,668.0640849743056,,
2020-04-24,628,667.5522302602587,,
2020-04-25,632,667.0417572774768,,
2020-04-26,632,666.5326921860528,,
2020-04-27,634,666.0250555253065,,
2020-04-28,636,665.518863243033,,
2020-04-29,640,665.0141275367394,,
2020-04-30,642,664.5108575412105,,
2020-05-01,700,664.0090598904766,,693.5241940127316
2020-05-02,700,663.5087391771222,,
2020-05-03,702,663.0098983276891,,
2020-05-04,704,662.5125389095008,,
2020-05-05,706,662.0166613814329,,
2020-05-06,710,661.5222652988709,,
2020-05-07,714,661.0293494812225,,
2020-05-08,716,660.5379121488231,,
2020-05-09,718,660.0479510348275,,
2020-05-10,720,659.5594634766559,,
2020-05-11,722,659.0724464907273,,
2020-05-12,722,658.586896833537,,
2020-05-13,722,658.1028110515674,,
2020-05-14,720,657.620185522077,,
2020-05-15,720,657.1390164864298,,
2020-05-16,720,656.6593000773306,,
2020-05-17,728,656.1810323410773,,
2020-05-18,728,655.7042092557415,,
2020-05-19,728,655.2288267460214,,
2020-05-20,727,654.7548806953735,,
2020-05-21,727,654.282366955922,,
2020-05-22,727,653.8112813565508,,
2020-05-23,726,653.3416197095095,,
2020-05-24,726,652.8733778158061,,
2020-05-25,727,652.4065514696082,,
2020-05-26,726,651.941136461832,,
2020-05-27,726,651.4771285830691,,
2020-05-28,726,651.0145236259721,,
2020-05-29,726,650.5533173871968,,
2020-05-30,726,650.0935056689825,,
2020-05-31,724,649.6350842804379,,
2020-06-01,724,649.1780490385831,,678.6855292163284
2020-06-02,724,648.7223957691963,,
2020-06-03,726,648.2681203074974,,
2020-06-04,726,647.8152184987014,,
2020-06-05,726,647.3636861984617,,
2020-06-06,728,646.9135192732278,,
2020-06-07,730,646.4647136005294,,
2020-06-08,728,646.0172650692018,,
2020-06-09,728,645.5711695795644,,
2020-06-10,726,645.1264230435588,,
2020-06-11,726,644.6830213848549,,
2020-06-12,724,644.2409605389316,,
2020-06-13,722,643.8002364531359,,
2020-06-14,720,643.3608450867232,,
2020-06-15,716,642.9227824108857,,
2020-06-16,714,642.4860444087675,,
2020-06-17,714,642.0506270754703,,
2020-06-18,710,641.6165264180522,,
2020-06-19,710,641.1837384555196,,
2020-06-20,708,640.752259218814,,
2020-06-21,706,640.3220847507948,,
2020-06-22,706,639.893211106219,,
2020-06-23,706,639.4656343517172,,
2020-06-24,704,639.0393505657684,,
2020-06-25,702,638.6143558386723,,
2020-06-26,702,638.190646272521,,
2020-06-27,700,637.7682179811679,,
2020-06-28,698,637.347067090198,,
2020-06-29,696,636.9271897368952,,
2020-06-30,694,636.5085820702104,,
2020-07-01,694,636.0912402507287,,665.5920933429497
2020-07-02,692,635.675160450636,,
2020-07-03,692,635.2603388536861,,
2020-07-04,690,634.8467716551665,,
2020-07-05,690,634.4344550618656,,
2020-07-06,688,634.0233852920372,,
2020-07-07,682,633.6135585753684,,
2020-07-08,686,633.2049711529444,,
2020-07-09,685,632.7976192772148,,
2020-07-10,680,632.3914992119601,,
2020-07-11,680,631.9866072322575,,
2020-07-12,680,631.5829396244463,,
2020-07-13,672,631.1804926860956,,
2020-07-14,668,630.779262725969,,
2020-07-15,664,630.3792460639918,,
2020-07-16,662,629.9804390312169,,
2020-07-17,658,629.5828379697917,,
2020-07-18,657,629.1864392329244,,
2020-07-19,656,628.7912391848504,,
2020-07-20,652,628.3972342007994,,
2020-07-21,650,628.0044206669618,,
2020-07-22,650,627.6127949804561,,
2020-07-23,649,627.2223535492953,,
2020-07-24,648,626.8330927923546,,
2020-07-25,647,626.4450091393378,,
2020-07-26,645,626.0580990307453,,
2020-07-27,642,625.6723589178413,,
2020-07-28,639,625.2877852626209,,
2020-07-29,636,624.9043745377779,,
2020-07-30,632,624.5221232266728,,
2020-07-31,628,624.1410278232995,,
2020-08-01,624,623.7610848322547,,653.260103601486
2020-08-02,621,623.3822907687045,,
2020-08-03,620,623.0046421583529,,
2020-08-04,616,622.6281355374101,,
2020-08-05,612,622.2527674525609,,
2020-08-06,610,621.8785344609321,,
2020-08-07,607,621.5054331300621,,
2020-08-08,606,621.1334600378685,,
2020-08-09,602,620.7626117726177,,
2020-08-10,598,620.392884932892,,
2020-08-11,594,620.0242761275605,,
2020-08-12,588,619.6567819757461,,
2020-08-13,584,619.2903991067956,,
2020-08-14,576,618.9251241602485,,
2020-08-15,572,618.5609537858061,,
2020-08-16,570,618.1978846433008,,
2020-08-17,566,617.8359134026654,,
2020-08-18,562,617.4750367439029,,
2020-08-19,558,617.1152513570557,,
2020-08-20,556,616.7565539421752,,
2020-08-21,556,616.3989412092918,,
2020-08-22,554,616.0424098783845,,
2020-08-23,552,615.686956679351,,
2020-08-24,548,615.3325783519776,,
2020-08-25,544,614.9792716459092,,
2020-08-26,540,614.6270333206198,,
2020-08-27,532,614.2758601453825,,
2020-08-28,524,613.9257488992397,,
2020-08-29,518,613.5766963709742,,
2020-08-30,515,613.2286993590792,,
2020-08-31,510,612.881754671729,,
2020-09-01,506,612.53585912675,,642.0346177885289
2020-09-02,500,612.1910095515909,,
2020-09-03,498,611.8472027832946,,
2020-09-04,494,611.5044356684683,,
2020-09-05,488,611.1627050632549,,
2020-09-06,482,610.8220078333042,,
2020-09-07,475,610.4823408537441,,
2020-09-08,476,610.1437010091518,,
2020-09-09,455,609.8060851935257,,
2020-09-10,446,609.4694903102564,,
2020-09-11,436,609.1339132720985,,
2020-09-12,426,608.7993510011422,,
2020-09-13,400,608.4658004287851,,
2020-09-14,400,608.1332584957045,,
2020-09-15,394,607.8017221518282,,
2020-09-16,386,607.471188356308,,
2020-09-17,380,607.1416540774906,,
2020-09-18,374,606.8131162928903,,
2020-09-19,368,606.4855719891615,,
2020-09-20,358,606.1590181620705,,
2020-09-21,350,605.8334518164686,,
2020-09-22,346,605.5088699662638,,
2020-09-23,336,605.1852696343941,,
2020-09-24,326,604.8626478528003,,
2020-09-25,302,604.5410016623978,,
2020-09-26,294,604.2203281130508,,
2020-09-27,284,603.9006242635439,,
2020-09-28,268,603.5818871815566,,
2020-09-29,260,603.2641139436345,,
2020-09-30,250,602.9473016351645,,
2020-10-01,240,602.6314473503468,,632.1301856558903
2020-10-02,236,602.3165481921685,,
2020-10-03,226,602.0026012723772,,
2020-10-04,221,601.6896037114544,,
2020-10-05,216,601.3775526385892,,
2020-10-06,206,601.0664451916518,,
2020-10-07,186,600.7562785171673,,
2020-10-08,186,600.4470497702896,,
2020-10-09,176,600.1387561147753,,
2020-10-10,166,599.8313947229575,,
2020-10-11,161,599.5249627757203,,
2020-10-12,146,599.2194574624724,,
2020-10-13,140,598.9148759811217,,
2020-10-14,148,598.6112155380492,,
2020-10-15,150,598.3084733480842,,
2020-10-16,164,598.0066466344779,,
2020-10-17,170,597.705732628878,,
2020-10-18,174,597.4057285713039,,
2020-10-19,176,597.1066317101211,,
2020-10-20,176,596.8084393020156,,
2020-10-21,176,596.5111486119691,,
2020-10-22,176,596.214756913234,,
2020-10-23,166,595.9192614873082,,
2020-10-24,156,595.62465962391,,
2020-10-25,145,595.3309486209538,,
2020-10-26,140,595.0381257845247,,
2020-10-27,140,594.7461884288541,,
2020-10-28,140,594.455133876295,,
2020-10-29,142,594.1649594572978,,
2020-10-30,148,593.8756625103848,,
2020-10-31,148,593.5872403821271,,
2020-11-01,150,593.2996904271193,,622.7984309944668
2020-11-02,150,593.0130100079557,,
2020-11-03,150,592.727196495206,,
2020-11-04,150,592.4422472673909,,
2020-11-05,154,592.1581597109588,,
2020-11-06,154,591.8749312202608,,
2020-11-07,154,591.5925591975276,,
2020-11-08,145,591.3110410528454,,
2020-11-09,134,591.0303742041324,,
2020-11-10,124,590.7505560771144,,
2020-11-11,128,590.4715841053019,,
2020-11-12,130,590.1934557299666,,
2020-11-13,136,589.916168400117,,
2020-11-14,140,589.6397195724766,,
2020-11-15,142,589.3641067114586,,
2020-11-16,154,589.0893272891444,,
2020-11-17,160,588.8153787852596,,
2020-11-18,168,588.5422586871506,,
2020-11-19,170,588.2699644897624,,
2020-11-20,170,587.9984936956147,,
2020-11-21,168,587.7278438147799,,
2020-11-22,162,587.4580123648595,,
2020-11-23,154,587.1889968709617,,
2020-11-24,146,586.9207948656788,,
2020-11-25,146,586.6534038890641,,
2020-11-26,150,586.3868214886099,,
2020-11-27,154,586.1210452192247,,
2020-11-28,160,585.856072643211,,
2020-11-29,168,585.5919013302423,,
2020-11-30,170,585.3285288573417,,
2020-12-01,174,585.065952808859,,614.5646956380104
2020-12-02,178,584.8041707764492,,
2020-12-03,178,584.5431803590494,,
2020-12-04,182,584.2829791628578,,
2020-12-05,188,584.0235648013114,,
2020-12-06,193,583.7649348950637,,
2020-12-07,192,583.5070870719634,,
2020-12-08,189,583.2500189670326,,
2020-12-09,190,582.9937282224447,,
2020-12-10,188,582.7382124875032,,
2020-12-11,196,582.48346941862,,
2020-12-12,198,582.2294966792938,,
2020-12-13,205,581.9762919400887,,
2020-12-14,218,581.7238528786131,,
2020-12-15,220,581.4721771794982,,
2020-12-16,236,581.2212625343763,,
2020-12-17,236,580.9711066418606,,
2020-12-18,240,580.7217072075233,,
2020-12-19,242,580.4730619438751,,
2020-12-20,253,580.2251685703435,,
2020-12-21,258,579.9780248132527,,
2020-12-22,258,579.7316284058023,,
2020-12-23,258,579.4859770880465,,
2020-12-24,260,579.2410686068736,,
2020-12-25,265,578.9969007159848,,
2020-12-26,270,578.7534711758746,,
2020-12-27,274,578.5107777538092,,
2020-12-28,278,578.2688182238064,,
2020-12-29,290,578.0275903666159,,
2020-12-30,296,577.7870919696975,,
2020-12-31,298,577.5473208272019,,
2021-01-01,310,577.3082747399505,,606.807017569102
2021-01-02,310,577.0699515154145,,
2021-01-03,325,576.8323489676951,,
2021-01-04,338,576.595464917504,,
2021-01-05,342,576.3592971921427,,
2021-01-06,354,576.1238436254827,,
2021-01-07,358,575.8891020579459,,
2021-01-08,360,575.6550703364848,,
2021-01-09,364,575.4217463145621,,
2021-01-10,375,575.1891278521323,,
2021-01-11,380,574.9572128156206,,
2021-01-12,390,574.7259990779041,,
2021-01-13,394,574.4954845182926,,
2021-01-14,400,574.2656670225085,,
2021-01-15,408,574.0365444826676,,
2021-01-16,412,573.80811479726,,
2021-01-17,416,573.5803758711304,,
2021-01-18,422,573.3533256154595,,
2021-01-19,428,573.1269619477441,,
2021-01-20,440,572.9012827917787,,
2021-01-21,440,572.676286077636,,
2021-01-22,442,572.451969741648,,
2021-01-23,444,572.2283317263871,,
2021-01-24,450,572.0053699806474,,
2021-01-25,454,571.7830824594257,,
2021-01-26,462,571.5614671239027,,
2021-01-27,470,571.3405219414245,,
2021-01-28,476,571.1202448854837,,
2021-01-29,486,570.9006339357009,,
2021-01-30,490,570.6816870778065,,
2021-01-31,496,570.4634023036217,,
2021-02-01,510,570.2457776110404,,599.7445204401918
2021-02-02,516,570.0288110040108,,
2021-02-03,522,569.8125004925171,,
2021-02-04,528,569.596844092561,,
2021-02-05,530,569.3818398261438,,
2021-02-06,532,569.1674857212485,,
2021-02-07,532,568.9537798118206,,
2021-02-08,534,568.7407201377516,,
2021-02-09,540,568.5283047448601,,
2021-02-10,546,568.3165316848737,,
2021-02-11,548,568.1053990154116,,
2021-02-12,552,567.894904799967,,
2021-02-13,554,567.6850471078886,,
2021-02-14,574,567.4758240143635,,
2021-02-15,574,567.2672336003993,,
2021-02-16,576,567.0592739528064,,
2021-02-17,586,566.8519431641807,,
2021-02-18,588,566.645239332886,,
2021-02-19,590,566.4391605630365,,
2021-02-20,592,566.2337049644794,,
2021-02-21,594,566.0288706527779,,
2021-02-22,596,565.8246557491932,,
2021-02-23,598,565.621058380668,,
2021-02-24,598,565.4180766798091,,
2021-02-25,604,565.21570878487,,
2021-02-26,610,565.013952839734,,
2021-02-27,614,564.8128069938973,,
2021-02-28,622,564.612269402452,,
2021-03-01,634,564.4123382260689,,593.9110810552203
2021-03-02,640,564.213011630981,,
2021-03-03,646,564.0142877889666,,
2021-03-04,652,563.8161648773321,,
2021-03-05,654,563.618641078896,,
2021-03-06,658,563.4217145819715,,
2021-03-07,660,563.2253835803506,,
2021-03-08,664,563.029646273287,,
2021-03-09,668,562.8345008654799,,
2021-03-10,672,562.639945567057,,
2021-03-11,680,562.445978593559,,
2021-03-12,682,562.2525981659222,,
2021-03-13,684,562.0598025104632,,
2021-03-14,690,561.8675898588618,,
2021-03-15,694,561.6759584481454,,
2021-03-16,696,561.484906520672,,
2021-03-17,698,561.2944323241151,,
2021-03-18,704,561.1045341114468,,
2021-03-19,708,560.9152101409227,,
2021-03-20,708,560.7264586760647,,
2021-03-21,712,560.5382779856459,,
2021-03-22,712,560.3506663436747,,
2021-03-23,710,560.1636220293788,,
2021-03-24,710,559.9771433271892,,
2021-03-25,712,559.7912285267248,,
2021-03-26,714,559.6058759227768,,
2021-03-27,716,559.4210838152926,,
2021-03-28,720,559.2368505093606,,
2021-03-29,724,559.0531743151944,,
2021-03-30,730,558.8700535481175,,
2021-03-31,734,558.6874865285479,,
2021-04-01,740,558.5054715819824,,588.0042144111338
2021-04-02,746,558.3240070389813,,
2021-04-03,750,558.1430912351536,,
2021-04-04,750,557.962722511141,,
2021-04-05,752,557.7828992126031,,
2021-04-06,752,557.603619690202,,
2021-04-07,752,557.4248822995876,,
2021-04-08,750,557.2466854013819,,
2021-04-09,748,557.0690273611647,,
2021-04-10,748,556.8919065494578,,
2021-04-11,748,556.7153213417107,,
2021-04-12,750,556.5392701182852,,
2021-04-13,750,556.3637512644414,,
2021-04-14,752,556.1887631703213,,
2021-04-15,752,556.014304230936,,
2021-04-16,752,555.8403728461494,,
2021-04-17,754,555.6669674206644,,
2021-04-18,756,555.4940863640079,,
2021-04-19,758,555.3217280905163,,
2021-04-20,758,555.149891019321,,
2021-04-21,758,554.9785735743337,,
2021-04-22,758,554.8077741842325,,
2021-04-23,758,554.6374912824466,,
2021-04-24,766,554.4677233071429,,
2021-04-25,762,554.2984687012108,,
2021-04-26,766,554.1297259122485,,
2021-04-27,770,553.9614933925488,,
2021-04-28,774,553.7937695990842,,
2021-04-29,778,553.6265529934935,,
2021-04-30,782,553.4598420420675,,
2021-05-01,788,553.2936352157349,,582.7923780448863
2021-05-02,788,553.1279309900478,,
2021-05-03,788,552.9627278451687,,
2021-05-04,792,552.7980242658556,,
2021-05-05,792,552.6338187414489,,
2021-05-06,790,552.4701097658566,,
2021-05-07,790,552.3068958375416,,
2021-05-08,790,552.144175459507,,
2021-05-09,794,551.981947139283,,
2021-05-10,798,551.8202093889126,,
2021-05-11,798,551.6589607249389,,
2021-05-12,800,551.4981996683903,,
2021-05-13,804,551.3379247447676,,
2021-05-14,806,551.1781344840309,,
2021-05-15,804,551.0188274205851,,
2021-05-16,806,550.8600020932672,,
2021-05-17,804,550.7016570453326,,
2021-05-18,802,550.5437908244419,,
2021-05-19,800,550.3864019826474,,
2021-05-20,800,550.2294890763801,,
2021-05-21,798,550.0730506664361,,
2021-05-22,798,549.9170853179637,,
2021-05-23,796,549.76159160045,,
2021-05-24,800,549.6065680877077,,
2021-05-25,800,549.4520133578628,,
2021-05-26,802,549.2979259933406,,
2021-05-27,802,549.144304580853,,
2021-05-28,802,548.9911477113857,,
2021-05-29,804,548.8384539801851,,
2021-05-30,804,548.6862219867459,,
2021-05-31,803,548.5344503347973,,
2021-06-01,802,548.383137632291,,577.8818804614424
2021-06-02,802,548.2322824913883,,
2021-06-03,798,548.0818835284471,,
2021-06-04,796,547.9319393640093,,
2021-06-05,794,547.7824486227884,,
2021-06-06,794,547.6334099336565,,
2021-06-07,790,547.4848219296321,,
2021-06-08,788,547.3366832478672,,
2021-06-09,788,547.1889925296351,,
2021-06-10,790,547.041748420318,,
2021-06-11,788,546.8949495693937,,
2021-06-12,788,546.7485946304248,,
2021-06-13,784,546.602682261045,,
2021-06-14,780,546.457211122947,,
2021-06-15,780,546.3121798818711,,
2021-06-16,780,546.1675872075919,,
2021-06-17,780,546.0234317739064,,
2021-06-18,778,545.8797122586225,,
2021-06-19,776,545.7364273435458,,
2021-06-20,778,545.5935757144683,,
2021-06-21,780,545.4511560611562,,
2021-06-22,778,545.3091670773376,,
2021-06-23,778,545.1676074606908,,
2021-06-24,776,545.026475912832,,
2021-06-25,776,544.885771139304,,
2021-06-26,776,544.7454918495638,,
2021-06-27,776,544.6056367569709,,
2021-06-28,776,544.4662045787755,,
2021-06-29,772,544.3271940361071,,
2021-06-30,772,544.188603853962,,
2021-07-01,770,544.0504327611923,,573.5491755903437
2021-07-02,768,543.9126794904938,,
2021-07-03,766,543.7753427783948,,
2021-07-04,766,543.638421365244,,
2021-07-05,762,543.5019139951995,,
2021-07-06,760,543.3658194162168,,
2021-07-07,756,543.2301363800376,,
2021-07-08,756,543.0948636421782,,
2021-07-09,752,542.9599999619182,,
2021-07-10,750,542.8255441022892,,
2021-07-11,750,542.691494830063,,
2021-07-12,750,542.557850915741,,
2021-07-13,750,542.4246111335422,,
2021-07-14,748,542.2917742613926,,
2021-07-15,748,542.1593390809132,,
2021-07-16,746,542.0273043774101,,
2021-07-17,744,541.8956689398619,,
2021-07-18,740,541.7644315609095,,
2021-07-19,738,541.6335910368449,,
2021-07-20,734,541.5031461675997,,
2021-07-21,732,541.3730957567348,,
2021-07-22,730,541.2434386114288,,
2021-07-23,730,541.1141735424677,,
2021-07-24,728,540.9852993642332,,
2021-07-25,726,540.8568148946925,,
2021-07-26,722,540.7287189553872,,
2021-07-27,720,540.6010103714223,,
2021-07-28,718,540.4736879714558,,
2021-07-29,716,540.3467505876877,,
2021-07-30,716,540.2201970558494,,
2021-07-31,712,540.0940262151933,,
2021-08-01,706,539.968236908481,,569.4669797376324
2021-08-02,700,539.8428279819743,,
2021-08-03,696,539.7177982854237,,
2021-08-04,690,539.5931466720576,,
2021-08-05,684,539.4688719985728,,
2021-08-06,676,539.3449731251228,,
2021-08-07,670,539.2214489153082,,
2021-08-08,670,539.0982982361661,,
2021-08-09,672,538.9755199581596,,
2021-08-10,672,538.8531129551671,,
2021-08-11,670,538.7310761044728,,
2021-08-12,668,538.6094082867558,,
2021-08-13,666,538.4881083860797,,
2021-08-14,666,538.367175289883,,
2021-08-15,664,538.2466078889682,,
2021-08-16,660,538.1264050774924,,
2021-08-17,656,538.0065657529562,,
2021-08-18,656,537.8870888161945,,
2021-08-19,654,537.7679731713657,,
2021-08-20,644,537.6492177259422,,
2021-08-21,638,537.5308213907001,,
2021-08-22,636,537.4127830797091,,
2021-08-23,636,537.2951017103229,,
2021-08-24,634,537.177776203169,,
2021-08-25,630,537.0608054821387,,
2021-08-26,628,536.9441884743777,,
2021-08-27,624,536.8279241102757,,
2021-08-28,618,536.7120113234571,,
2021-08-29,615,536.5964490507705,,
2021-08-30,606,536.48123623228,,
2021-08-31,602,536.3663718112546,,
2021-09-01,596,536.2518547341587,,565.7505975633101
2021-09-02,590,536.1376839506426,,
2021-09-03,584,536.0238584135328,,
2021-09-04,576,535.9103770788226,,
2021-09-05,574,535.7972389056622,,
2021-09-06,771,535.684442856349,,
2021-09-07,568,535.5719878963189,,
2021-09-08,560,535.4598729941357,,
2021-09-09,558,535.3480971214826,,
2021-09-10,554,535.2366592531522,,
2021-09-11,552,535.1255583670373,,
2021-09-12,546,535.0147934441217,,
2021-09-13,544,534.9043634684701,,
2021-09-14,535,534.79426742722,,
2021-09-15,529,534.6845043105714,,
2021-09-16,518,534.5750731117778,,
2021-09-17,510,534.4659728271373,,
2021-09-18,505,534.357202455983,,
2021-09-19,500,534.248761000674,,
2021-09-20,494,534.1406474665861,,
2021-09-21,491,534.0328608621029,,
2021-09-22,486,533.9254001986067,,
2021-09-23,480,533.818264490469,,
2021-09-24,475,533.7114527550422,,
2021-09-25,469,533.6049640126498,,
2021-09-26,461,533.4987972865782,,
2021-09-27,454,533.3929516030669,,
2021-09-28,443,533.2874259913001,,
2021-09-29,432,533.1822194833981,,
2021-09-30,419,533.0773311144073,,
2021-10-01,409,532.9727599222929,,562.4715027514443
2021-10-02,405,532.8685049479284,,
2021-10-03,397,532.7645652350884,,
2021-10-04,391,532.6609398304386,,
2021-10-05,389,532.5576277835276,,
2021-10-06,389,532.4546281467782,,
2021-10-07,386,532.3519399754788,,
2021-10-08,383,532.2495623277741,,
2021-10-09,382,532.1474942646573,,
2021-10-10,376,532.0457348499611,,
2021-10-11,369,531.9442831503488,,
2021-10-12,361,531.8431382353065,,
2021-10-13,349,531.7422991771338,,
2021-10-14,338,531.6417650509355,,
2021-10-15,331,531.5415349346139,,
2021-10-16,323,531.4416079088588,,
2021-10-17,318,531.3419830571405,,
2021-10-18,315,531.2426594657009,,
2021-10-19,308,531.1436362235446,,
2021-10-20,301,531.0449124224315,,
2021-10-21,301,530.9464871568674,,
2021-10-22,301,530.848359524097,,
2021-10-23,295,530.7505286240942,,
2021-10-24,294,530.652993559555,,
2021-10-25,287,530.5557534358884,,
2021-10-26,285,530.458807361209,,
2021-10-27,272,530.3621544463282,,
2021-10-28,266,530.2657938047462,,
2021-10-29,255,530.1697245526441,,
2021-10-30,248,530.0739458088755,,
2021-10-31,244,529.9784566949586,,
2021-11-01,246,529.8832563350679,,559.3819991642193
2021-11-02,251,529.7883438560268,,
2021-11-03,252,529.6937183872986,,
2021-11-04,256,529.5993790609796,,
2021-11-05,260,529.5053250117899,,
2021-11-06,267,529.4115553770667,,
2021-11-07,269,529.3180692967559,,
2021-11-08,269,529.2248659134038,,
2021-11-09,274,529.1319443721497,,
2021-11-10,265,529.0393038207183,,
2021-11-11,257,528.9469434094109,,
2021-11-12,256,528.8548622910988,,
2021-11-13,256,528.7630596212147,,
2021-11-14,260,528.6715345577453,,
2021-11-15,262,528.5802862612235,,
2021-11-16,265,528.4893138947206,,
2021-11-17,270,528.3986166238391,,
2021-11-18,277,528.3081936167041,,
2021-11-19,283,528.2180440439566,,
2021-11-20,285,528.1281670787457,,
2021-11-21,294,528.0385618967205,,
2021-11-22,299,527.9492276760229,,
2021-11-23,304,527.8601635972805,,
2021-11-24,304,527.771368843598,,
2021-11-25,305,527.6828426005509,,
2021-11-26,306,527.594584056177,,
2021-11-27,303,527.50659240097,,
2021-11-28,307,527.4188668278709,,
2021-11-29,311,527.3314065322618,,
2021-11-30,317,527.2442107119573,,
2021-12-01,321,527.1572785671983,,556.6560213963497
2021-12-02,331,527.0706093006437,,
2021-12-03,338,526.9842021173639,,
2021-12-04,345,526.8980562248329,,
2021-12-05,350,526.8121708329213,,
2021-12-06,358,526.726545153889,,
2021-12-07,369,526.6411784023779,,
2021-12-08,371,526.5560697954052,,
2021-12-09,373,526.4712185523551,,
2021-12-10,374,526.3866238949729,,
2021-12-11,378,526.3022850473571,,
2021-12-12,381,526.2182012359526,,
2021-12-13,385,526.1343716895433,,
2021-12-14,390,526.0507956392453,,
2021-12-15,394,525.9674723184997,,
2021-12-16,401,525.884400963066,,
2021-12-17,408,525.8015808110141,,
2021-12-18,414,525.7190111027185,,
2021-12-19,421,525.6366910808504,,
2021-12-20,430,525.5546199903713,,
2021-12-21,433,525.4727970785259,,
2021-12-22,437,525.3912215948351,,
2021-12-23,445,525.3098927910893,,
2021-12-24,446,525.2288099213413,,
2021-12-25,452,525.1479722418998,,
2021-12-26,452,525.0673790113223,,
2021-12-27,457,524.9870294904083,,
2021-12-28,462,524.9069229421928,,
2021-12-29,466,524.8270586319389,,
2021-12-30,473,524.7474358271323,,
2021-12-31,485,524.668053797473,,
2022-01-01,494,524.5889118148698,,554.0876546440212
2022-01-02,500,524.5100091534331,,
2022-01-03,512,524.4313450894683,,
2022-01-04,520,524.3529189014694,,
2022-01-05,527,524.2747298701119,,
2022-01-06,538,524.1967772782467,,
2022-01-07,542,524.1190604108934,,
2022-01-08,550,524.0415785552335,,
2022-01-09,552,523.9643310006041,,
2022-01-10,553,523.8873170384912,,
2022-01-11,555,523.8105359625235,,
2022-01-12,557,523.7339870684656,,
2022-01-13,557,523.6576696542116,,
2022-01-14,558,523.581583019779,,
2022-01-15,560,523.5057264673017,,
2022-01-16,561,523.430099301024,,
2022-01-17,565,523.3547008272943,,
2022-01-18,569,523.2795303545583,,
2022-01-19,569,523.2045871933533,,
2022-01-20,569,523.129870656301,,
2022-01-21,574,523.0553800581022,,
2022-01-22,574,522.9811147155295,,
2022-01-23,575,522.907073947422,,
2022-01-24,574,522.8332570746784,,
2022-01-25,573,522.7596634202508,,
2022-01-26,574,522.686292309139,,
2022-01-27,574,522.6131430683838,,
2022-01-28,575,522.5402150270609,,
2022-01-29,572,522.4675075162748,,
2022-01-30,574,522.3950198691532,,
2022-01-31,576,522.3227514208397,,
2022-02-01,576,522.2507015084888,,551.7494443376402
2022-02-02,578,522.1788694712593,,
2022-02-03,577,522.1072546503084,,
2022-02-04,578,522.0358563887855,,
2022-02-05,579,521.9646740318265,,
2022-02-06,577,521.8937069265472,,
2022-02-07,577,521.8229544220382,,
2022-02-08,575,521.7524158693578,,
2022-02-09,573,521.6820906215272,,
2022-02-10,573,521.6119780335239,,
2022-02-11,571,521.5420774622756,,
2022-02-12,572,521.4723882666551,,
2022-02-13,573,521.4029098074735,,
2022-02-14,571,521.3336414474751,,
2022-02-15,579,521.2645825513309,,
2022-02-16,581,521.1957324856336,,
2022-02-17,585,521.1270906188906,,
2022-02-18,590,521.0586563215196,,
2022-02-19,594,520.9904289658417,,
2022-02-20,599,520.9224079260762,,
2022-02-21,601,520.8545925783345,,
2022-02-22,602,520.7869823006151,,
2022-02-23,606,520.7195764727969,,
2022-02-24,609,520.6523744766343,,
2022-02-25,609,520.5853756957513,,
2022-02-26,610,520.5185795156353,,
2022-02-27,614,520.4519853236327,,
2022-02-28,614,520.3855925089418,,
2022-03-01,620,520.3194004626085,,549.81814329176
2022-03-02,622,520.2534085775198,,
2022-03-03,624,520.1876162483987,,
2022-03-04,627,520.1220228717987,,
2022-03-05,635,520.0566278460975,,
2022-03-06,638,519.9914305714929,,
2022-03-07,642,519.9264304499958,,
2022-03-08,642,519.8616268854257,,
2022-03-09,650,519.7970192834049,,
2022-03-10,649,519.7326070513529,,
2022-03-11,649,519.6683895984816,,
2022-03-12,650,519.6043663357885,,
2022-03-13,650,519.5405366760533,,
2022-03-14,650,519.4769000338306,,
2022-03-15,652,519.4134558254458,,
2022-03-16,654,519.3502034689891,,
2022-03-17,662,519.2871423843104,,
2022-03-18,670,519.2242719930141,,
2022-03-19,674,519.1615917184533,,
2022-03-20,676,519.0991009857252,,
2022-03-21,680,519.0367992216653,,
2022-03-22,689,518.9746858548424,,
2022-03-23,692,518.9127603155531,,
2022-03-24,699,518.851022035817,,
2022-03-25,700,518.789470449371,,
2022-03-26,704,518.7281049916646,,
2022-03-27,708,518.6669250998542,,
2022-03-28,713,518.6059302127986,,
2022-03-29,717,518.545119771053,,
2022-03-30,728,518.4844932168645,,
2022-03-31,734,518.424049994167,,
2022-04-01,736,518.3637895485758,,547.8625323777272
2022-04-02,741,518.3037113273825,,
2022-04-03,752,518.2438147795502,,
2022-04-04,755,518.1840993557083,,
2022-04-05,761,518.1245645081475,,
2022-04-06,763,518.0652096908144,,
2022-04-07,766,518.0060343593075,,
2022-04-08,767,517.9470379708708,,
2022-04-09,772,517.8882199843903,,
2022-04-10,772,517.8295798603876,,
2022-04-11,771,517.7711170610162,,
2022-04-12,774,517.7128310500557,,
2022-04-13,775,517.6547212929073,,
2022-04-14,780,517.5967872565889,,
2022-04-15,785,517.5390284097299,,
2022-04-16,788,517.4814442225666,,
2022-04-17,789,517.4240341669374,,
2022-04-18,792,517.3667977162779,,
2022-04-19,793,517.3097343456157,,
2022-04-20,796,517.2528435315659,,
2022-04-21,799,517.1961247523267,,
2022-04-22,808,517.1395774876739,,
2022-04-23,800,517.0832012189564,,
2022-04-24,801,517.0269954290916,,
2022-04-25,797,516.9709596025604,,
2022-04-26,797,516.9150932254026,,
2022-04-27,796,516.8593957852124,,
2022-04-28,796,516.8038667711335,,
2022-04-29,797,516.7485056738539,,
2022-04-30,797,516.6933119856023,,
2022-05-01,798,516.6382852001426,,546.137028029294
2022-05-02,802,516.5834248127696,,
2022-05-03,802,516.5287303203045,,
2022-05-04,804,516.4742012210895,,
2022-05-05,805,516.4198370149844,,
2022-05-06,802,516.3656372033611,,
2022-05-07,804,516.3116012890995,,
2022-05-08,800,516.2577287765824,,
2022-05-09,802,516.2040191716918,,
2022-05-10,797,516.1504719818037,,
2022-05-11,797,516.0970867157835,,
2022-05-12,791,516.0438628839821,,
2022-05-13,791,515.990799998231,,
2022-05-14,792,515.9378975718379,,
2022-05-15,800,515.885155119582,,
2022-05-16,805,515.8325721577103,,
2022-05-17,797,515.780148203932,,
2022-05-18,797,515.7278827774152,,
2022-05-19,801,515.6757753987819,,
2022-05-20,798,515.6238255901035,,
2022-05-21,800,515.5720328748969,,
2022-05-22,800,515.5203967781198,,
2022-05-23,794,515.4689168261663,,
2022-05-24,792,515.4175925468627,,
2022-05-25,837,515.3664234694631,,
2022-05-26,837,515.3154091246453,,
2022-05-27,788,515.2645490445061,,
2022-05-28,786,515.2138427625572,,
2022-05-29,786,515.1632898137211,,
2022-05-30,782,515.1128897343266,,
2022-05-31,781,515.0626420621046,,
2022-06-01,782,515.0125463361837,,544.5112891653351
2022-06-02,791,514.9626020970866,,
2022-06-03,780,514.912808886725,,
2022-06-04,786,514.8631662483959,,
2022-06-05,786,514.8136737267777,,
2022-06-06,777,514.7643308679253,,
2022-06-07,777,514.7151372192664,,
2022-06-08,777,514.6660923295971,,
2022-06-09,777,514.6171957490784,,
2022-06-10,777,514.5684470292312,,
2022-06-11,777,514.5198457229324,,
2022-06-12,777,514.4713913844115,,
2022-06-13,777,514.4230835692457,,
2022-06-14,777,514.3749218343561,,
2022-06-15,777,514.3269057380036,,
2022-06-16,777,514.279034839785,,
2022-06-17,775,514.2313087006289,,
2022-06-18,775,514.1837268827915,,
2022-06-19,775,514.1362889498528,,
2022-06-20,774,514.0889944667124,,
2022-06-21,773,514.0418429995858,,
2022-06-22,772,513.9948341160001,,
2022-06-23,769,513.9479673847902,,
2022-06-24,767,513.901242376095,,
2022-06-25,765,513.8546586613528,,
2022-06-26,763,513.8082158132984,,
2022-06-27,761,513.7619134059584,,
2022-06-28,757,513.7157510146474,,
2022-06-29,755,513.6697282159644,,
2022-06-30,754,513.6238445877887,,
2022-07-01,750,513.578099709276,,543.0768425384274
2022-07-02,748,513.5324931608548,,
2022-07-03,747,513.487024524222,,
2022-07-04,747,513.4416933823397,,
2022-07-05,748,513.3964993194312,,
2022-07-06,747,513.3514419209769,,
2022-07-07,742,513.3065207737106,,
2022-07-08,740,513.2617354656161,,
2022-07-09,737,513.2170855859227,,
2022-07-10,737,513.1725707251023,,
2022-07-11,734,513.1281904748649,,
2022-07-12,730,513.0839444281552,,
2022-07-13,728,513.0398321791489,,
2022-07-14,726,512.9958533232486,,
2022-07-15,726,512.952007457081,,
2022-07-16,726,512.9082941784918,,
2022-07-17,724,512.8647130865435,,
2022-07-18,722,512.8212637815104,,
2022-07-19,719,512.7779458648761,,
2022-07-20,717,512.7347589393289,,
2022-07-21,713,512.6917026087586,,
2022-07-22,710,512.6487764782531,,
2022-07-23,705,512.6059801540943,,
2022-07-24,700,512.5633132437545,,
2022-07-25,697,512.5207753558932,,
2022-07-26,693,512.4783661003534,,
2022-07-27,689,512.4360850881576,,
2022-07-28,686,512.3939319315049,,
2022-07-29,682,512.3519062437666,,
2022-07-30,678,512.3100076394837,,
2022-07-31,678,512.2682357343626,,
2022-08-01,676,512.2265901452716,,541.725332974423
2022-08-02,674,512.1850704902378,,
2022-08-03,671,512.143676388443,,
2022-08-04,671,512.1024074602213,,
2022-08-05,670,512.0612633270541,,
2022-08-06,667,512.020243611568,,
2022-08-07,664,511.9793479375303,,
2022-08-08,659,511.93857592984637,,
2022-08-09,655,511.89792721455564,,
2022-08-10,653,511.85740141882843,,
2022-08-11,651,511.8169981709625,,
2022-08-12,649,511.77671710037964,,
2022-08-13,644,511.7365578376222,,
2022-08-14,640,511.6965200143497,,
2022-08-15,640,511.65660326333557,,
2022-08-16,638,511.6168072184638,,
2022-08-17,634,511.5771315147254,,
2022-08-18,629,511.53757578821507,,
2022-08-19,624,511.49813967612806,,
2022-08-20,622,511.45882281675665,,
2022-08-21,620,511.41962484948704,,
2022-08-22,613,511.3805454147957,,
2022-08-23,607,511.34158415424645,,
2022-08-24,601,511.3027407104869,,
2022-08-25,598,511.26401472724535,,
2022-08-26,592,511.2254058493274,,
2022-08-27,590,511.1869137226127,,
2022-08-28,587,511.1485379940519,,
2022-08-29,585,511.110278311663,,
2022-08-30,583,511.07213432452863,,
2022-08-31,579,511.0341056827924,,
2022-09-01,574,510.99619203765604,,540.4949348668074
2022-09-02,568,510.95839304137576,,
2022-09-03,564,510.9207083472596,,
2022-09-04,562,510.88313760966383,,
2022-09-05,556,510.84568048399,,
2022-09-06,551,510.8083366266816,,
2022-09-07,546,510.77110569522114,,
2022-09-08,542,510.7339873481268,,
2022-09-09,537,510.6969812449494,,
2022-09-10,534,510.6600870462694,,
2022-09-11,532,510.62330441369335,,
2022-09-12,526,510.58663300985137,,
2022-09-13,522,510.55007249839366,,
2022-09-14,515,510.5136225439874,,
2022-09-15,510,510.4772828123141,,
2022-09-16,503,510.4410529700659,,
2022-09-17,494,510.40493268494305,,
2022-09-18,486,510.3689216256506,,
2022-09-19,477,510.33301946189545,,
2022-09-20,467,510.29722586438317,,
2022-09-21,457,510.2615405048153,,
2022-09-22,450,510.2259630558859,,
2022-09-23,442,510.1904931912791,,
2022-09-24,437,510.1551305856654,,
2022-09-25,428,510.1198749146994,,
2022-09-26,420,510.0847258550163,,
2022-09-27,414,510.0496830842293,,
2022-09-28,404,510.0147462809264,,
2022-09-29,399,509.9799151246675,,
2022-09-30,391,509.94518929598155,,
2022-10-01,381,509.91056847636355,,539.409311305515
2022-10-02,374,509.8760523482716,,
2022-10-03,363,509.8416405951241,,
2022-10-04,351,509.8073329012968,,
2022-10-05,336,509.7731289521197,,
2022-10-06,325,509.7390284338745,,
2022-10-07,321,509.7050310337916,,
2022-10-08,313,509.6711364400471,,
2022-10-09,307,509.6373443417601,,
2022-10-10,297,509.6036544289897,,
2022-10-11,290,509.5700663927324,,
2022-10-12,279,509.5365799249189,,
2022-10-13,268,509.5031947184117,,
2022-10-14,258,509.46991046700185,,
2022-10-15,248,509.4367268654066,,
2022-10-16,237,509.4036436092662,,
2022-10-17,223,509.3706603951414,,
2022-10-18,208,509.33777692051024,,
2022-10-19,195,509.30499288376586,,
2022-10-20,186,509.2723079842134,,
2022-10-21,177,509.23972192206725,,
2022-10-22,175,509.20723439844824,,
2022-10-23,175,509.17484511538106,,
2022-10-24,174,509.1425537757916,,
2022-10-25,177,509.1103600835039,,
2022-10-26,168,509.07826374323776,,
2022-10-27,157,509.04626446060564,,
2022-10-28,157,509.0143619421106,,
2022-10-29,157,508.98255589514287,,
2022-10-30,153,508.9508460279777,,
2022-10-31,148,508.9192320497725,,
2022-11-01,147,508.8877136705641,,538.3864564997155
2022-11-02,149,508.85629060126615,,
2022-11-03,141,508.8249625536666,,
2022-11-04,142,508.7937292404248,,
2022-11-05,146,508.7625903750691,,
2022-11-06,159,508.73154567199407,,
2022-11-07,159,508.700594846458,,
2022-11-08,169,508.66973761458013,,
2022-11-09,167,508.63897369333824,,
2022-11-10,170,508.60830280056587,,
2022-11-11,175,508.57772465494986,,
2022-11-12,176,508.5472389760277,,
2022-11-13,175,508.51684548418507,,
2022-11-14,177,508.48654390065303,,
2022-11-15,181,508.4563339475058,,
2022-11-16,185,508.4262153476579,,
2022-11-17,183,508.3961878248617,,
2022-11-18,181,508.3662511037052,,
2022-11-19,181,508.3364049096089,,
2022-11-20,185,508.3066489688239,,
2022-11-21,192,508.27698300842883,,
2022-11-22,199,508.2474067563278,,
2022-11-23,210,508.21791994124766,,
2022-11-24,212,508.1885222927356,,
2022-11-25,211,508.1592135411567,,
2022-11-26,205,508.12999341769125,,
2022-11-27,206,508.1008616543326,,
2022-11-28,206,508.07181798388444,,
2022-11-29,208,508.04286213995846,,
2022-11-30,208,508.01399385697187,,
2022-12-01,204,507.98521287014506,,537.4839556992964
2022-12-02,209,507.9565189154991,,
2022-12-03,212,507.92791172985324,,
2022-12-04,210,507.8993910508226,,
2022-12-05,213,507.87095661681576,,
2022-12-06,214,507.8426081670324,,
2022-12-07,217,507.81434544146066,,
2022-12-08,217,507.78616818087517,,
2022-12-09,215,507.75807612683434,,
2022-12-10,214,507.730069021678,,
2022-12-11,218,507.70214660852525,,
2022-12-12,221,507.67430863127197,,
2022-12-13,223,507.64655483458847,,
2022-12-14,226,507.61888496391714,,
2022-12-15,226,507.59129876547024,,
2022-12-16,224,507.56379598622726,,
2022-12-17,226,507.5363763739331,,
2022-12-18,230,507.50903967709513,,
2022-12-19,233,507.4817856449815,,
2022-12-20,239,507.4546140276185,,
2022-12-21,245,507.42752457578825,,
2022-12-22,253,507.4005170410265,,
2022-12-23,260,507.3735911756204,,
2022-12-24,257,507.34674673260605,,
2022-12-25,254,507.3199834657666,,
2022-12-26,257,507.29330112962947,,
2022-12-27,268,507.2666994794646,,
2022-12-28,271,507.2401782712818,,
2022-12-29,268,507.2137372618288,,
2022-12-30,270,507.1873762085889,,
2022-12-31,272,507.1610948697787,,
2023-01-01,269,507.13489300434605,,536.6336358334975
2023-01-02,273,507.10877037196764,,
2023-01-03,278,507.08272673304685,,
2023-01-04,285,507.05676184871174,,
2023-01-05,290,507.03087548081254,,
2023-01-06,297,507.00506739191974,,
2023-01-07,303,506.9793373453217,,
2023-01-08,306,506.95368510502277,,
2023-01-09,307,506.92811043574073,,
2023-01-10,314,506.9026131029049,,
2023-01-11,320,506.8771928726541,,
2023-01-12,323,506.8518495118341,,
2023-01-13,327,506.8265827879958,,
2023-01-14,333,506.801392469393,,
2023-01-15,330,506.77627832498047,,
2023-01-16,325,506.75124012441125,,
2023-01-17,323,506.72627763803536,,
2023-01-18,329,506.70139063689703,,
2023-01-19,332,506.6765788927329,,
2023-01-20,336,506.65184217796985,,
2023-01-21,342,506.627180265723,,
2023-01-22,354,506.6025929297934,,
2023-01-23,364,506.57807994466623,,
2023-01-24,374,506.5536410855087,,
2023-01-25,384,506.52927612816774,,
2023-01-26,394,506.5049848491681,,
2023-01-27,402,506.4807670257105,,
2023-01-28,403,506.4566224356692,,
2023-01-29,401,506.43255085759023,,
2023-01-30,400,506.40855207068927,,
2023-01-31,402,506.3846258548497,,
2023-02-01,394,506.3607719906204,,535.8595148197718
2023-02-02,398,506.33699025921396,,
2023-02-03,405,506.3132804425046,,
2023-02-04,410,506.289642323026,,
2023-02-05,416,506.2660756839695,,
2023-02-06,421,506.24258030918224,,
2023-02-07,427,506.21915598316474,,
2023-02-08,434,506.19580249106923,,
2023-02-09,439,506.1725196186978,,
2023-02-10,445,506.14930715250006,,
2023-02-11,453,506.1261648795715,,
2023-02-12,458,506.1030925876513,,
2023-02-13,462,506.08009006512077,,
2023-02-14,468,506.0571571010008,,
2023-02-15,473,506.0342934849506,,
2023-02-16,476,506.0114990072651,,
2023-02-17,482,505.98877345887365,,
2023-02-18,488,505.9661166313377,,
2023-02-19,496,505.94352831684904,,
2023-02-20,505,505.9210083082278,,
2023-02-21,520,505.8985563989206,,
2023-02-22,524,505.8761723829989,,
2023-02-23,527,505.8538560551565,,
2023-02-24,534,505.83160721070834,,
2023-02-25,540,505.8094256455882,,
2023-02-26,546,505.7873111563469,,
2023-02-27,551,505.7652635401506,,
2023-02-28,549,505.7432825947787,,
2023-03-01,553,505.7213681186222,,535.2201109477736
2023-03-02,554,505.6995199106816,,
2023-03-03,558,505.6777377705655,,
2023-03-04,562,505.65602149848814,,
2023-03-05,568,505.63437089526815,,
2023-03-06,575,505.6127857623264,,
2023-03-07,582,505.5912659016841,,
2023-03-08,588,505.5698111159614,,
2023-03-09,593,505.54842120837515,,
2023-03-10,597,505.52709598273725,,
2023-03-11,599,505.505835243453,,
2023-03-12,605,505.48463879551906,,
2023-03-13,608,505.4635064445217,,
2023-03-14,611,505.44243799663525,,
2023-03-15,613,505.4214332586201,,
2023-03-16,615,505.4004920378209,,
2023-03-17,621,505.3796141421651,,
2023-03-18,620,505.35879938016063,,
2023-03-19,623,505.3380475608948,,
2023-03-20,625,505.317358494032,,
2023-03-21,630,505.2967319898124,,
2023-03-22,635,505.2761678590498,,
2023-03-23,641,505.25566591313014,,
2023-03-24,645,505.2352259640098,,
2023-03-25,649,505.2148478242138,,
2023-03-26,652,505.19453130683394,,
2023-03-27,655,505.17427622552725,,
2023-03-28,657,505.1540823945144,,
2023-03-29,658,505.1339496285776,,
2023-03-30,661,505.1138777430595,,
2023-03-31,664,505.0938665538608,,
2023-04-01,666,505.073915877439,,534.5726587065903
2023-04-02,668,505.05402553080677,,
2023-04-03,670,505.03419533152993,,
2023-04-04,674,505.0144250977262,,
2023-04-05,678,504.994714648063,,
2023-04-06,682,504.97506380175633,,
2023-04-07,688,504.9554723785688,,
2023-04-08,689,504.93594019880805,,
2023-04-09,691,504.9164670833251,,
2023-04-10,694,504.89705285351266,,
2023-04-11,697,504.8776973313036,,
2023-04-12,695,504.8584003391692,,
2023-04-13,697,504.83916170011764,,
2023-04-14,696,504.8199812376923,,
2023-04-15,695,504.80085877597014,,
2023-04-16,696,504.7817941395601,,
2023-04-17,698,504.7627871536015,,
2023-04-18,700,504.7438376437624,,
2023-04-19,703,504.72494543623804,,
2023-04-20,705,504.7061103577493,,
2023-04-21,708,504.687332235541,,
2023-04-22,712,504.6686108973804,,
2023-04-23,714,504.6499461715554,,
2023-04-24,715,504.6313378868735,,
2023-04-25,716,504.61278587265946,,
2023-04-26,717,504.59428995875453,,
2023-04-27,716,504.57584997551425,,
2023-04-28,714,504.55746575380726,,
2023-04-29,713,504.53913712501367,,
2023-04-30,713,504.5208639210234,,
2023-05-01,713,504.5026459742349,,534.0013888033862
2023-05-02,716,504.48448311755317,,
2023-05-03,718,504.4663751843887,,
2023-05-04,719,504.4483220086557,,
2023-05-05,723,504.43032342477056,,
2023-05-06,725,504.41237926765046,,
2023-05-07,727,504.3944893727117,,
2023-05-08,727,504.3766535758684,,
2023-05-09,728,504.3588717135306,,
2023-05-10,727,504.34114362260345,,
2023-05-11,727,504.32346914048486,,
2023-05-12,728,504.30584810506474,,
2023-05-13,727,504.2882803547231,,
2023-05-14,724,504.27076572832857,,
2023-05-15,723,504.2533040652373,,
2023-05-16,724,504.23589520529094,,
2023-05-17,725,504.2185389888156,,
2023-05-18,726,504.2012352566203,,
2023-05-19,724,504.18398384999523,,
2023-05-20,726,504.16678461071075,,
2023-05-21,725,504.1496373810155,,
2023-05-22,724,504.13254200363525,,
2023-05-23,724,504.1154983217714,,
2023-05-24,724,504.09850617909933,,
2023-05-25,721,504.08156541976734,,
2023-05-26,720,504.06467588839496,,
2023-05-27,717,504.04783743007147,,
2023-05-28,716,504.0310498903547,,
2023-05-29,712,504.0143131152695,,
2023-05-30,710,503.9976269513063,,
2023-05-31,708,503.9809912454197,,
2023-06-01,706,503.9644058450272,,533.4631486741786
2023-06-02,706,503.9478705980077,,
2023-06-03,704,503.9313853526999,,
2023-06-04,705,503.91494995790146,,
2023-06-05,702,503.8985642628669,,
2023-06-06,701,503.8822281173069,,
2023-06-07,702,503.8659413713864,,
2023-06-08,702,503.8497038757235,,
2023-06-09,701,503.8335154813881,,
2023-06-10,700,503.81737603990024,,
2023-06-11,699,503.80128540322926,,
2023-06-12,699,503.78524342379194,,
2023-06-13,697,503.7692499544513,,
2023-06-14,696,503.7533048485154,,
2023-06-15,696,503.73740795973595,,
2023-06-16,695,503.7215591423068,,
2023-06-17,695,503.7057582508626,,
2023-06-18,694,503.69000514047787,,
2023-06-19,693,503.6742996666651,,
2023-06-20,691,503.6586416853739,,
2023-06-21,688,503.6430310529893,,
2023-06-22,686,503.6274676263308,,
2023-06-23,685,503.6119512626508,,
2023-06-24,685,503.59648181963325,,
2023-06-25,682,503.58105915539267,,
2023-06-26,679,503.56568312847236,,
2023-06-27,675,503.5503535978437,,
2023-06-28,673,503.5350704229042,,
2023-06-29,671,503.51983346347686,,
2023-06-30,669,503.5046425798083,,
2023-07-01,666,503.489497632568,,532.9882404617193
2023-07-02,664,503.4743984828465,,
2023-07-03,664,503.4593449921545,,
2023-07-04,664,503.4443370224217,,
2023-07-05,664,503.42937443599493,,
2023-07-06,661,503.4144570956376,,
2023-07-07,660,503.399584864528,,
2023-07-08,659,503.384757606258,,
2023-07-09,661,503.36997518483224,,
2023-07-10,656,503.3552374646665,,
2023-07-11,656,503.34054431058644,,
2023-07-12,654,503.32589558782666,,
2023-07-13,649,503.31129116202914,,
2023-07-14,645,503.2967308992423,,
2023-07-15,641,503.28221466591935,,
2023-07-16,637,503.26774232891773,,
2023-07-17,335,503.2533137554971,,
2023-07-18,332,503.2389288133189,,
2023-07-19,629,503.22458737044445,,
2023-07-20,626,503.2102892953341,,
2023-07-21,622,503.1960344568462,,
2023-07-22,618,503.18182272423536,,
2023-07-23,615,503.1676539671517,,
2023-07-24,612,503.1535280556395,,
2023-07-25,608,503.1394448601361,,
2023-07-26,602,503.12540425147046,,
2023-07-27,598,503.11140610086227,,
2023-07-28,593,503.0974502799206,,
2023-07-29,590,503.08353666064284,,
2023-07-30,585,503.0696651154133,,
2023-07-31,585,503.0558355170023,,
2023-08-01,581,503.0420477385649,,532.5407905677163
2023-08-02,580,503.0283016536398,,
2023-08-03,580,503.01459713614787,,
2023-08-04,577,503.0009340603915,,
2023-08-05,578,502.98731230105307,,
2023-08-06,575,502.97373173319386,,
2023-08-07,572,502.96019223225306,,
2023-08-08,569,502.94669367404646,,
2023-08-09,570,502.93323593476543,,
2023-08-10,560,502.9198188909757,,
2023-08-11,556,502.9064424196162,,
2023-08-12,549,502.8931063979981,,
2023-08-13,544,502.8798107038035,,
2023-08-14,540,502.8665552150844,,
2023-08-15,536,502.8533398102616,,
2023-08-16,529,502.8401643681235,,
2023-08-17,526,502.82702876782514,,
2023-08-18,522,502.8139328888867,,
2023-08-19,516,502.80087661119313,,
2023-08-20,511,502.7878598149922,,
2023-08-21,510,502.774882380894,,
2023-08-22,504,502.76194418986967,,
2023-08-23,500,502.74904512325014,,
2023-08-24,494,502.7361850627253,,
2023-08-25,489,502.7233638903429,,
2023-08-26,481,502.71058148850716,,
2023-08-27,473,502.697837739978,,
2023-08-28,467,502.6851325278699,,
2023-08-29,459,502.6724657356507,,
2023-08-30,457,502.65983724714073,,
2023-08-31,456,502.64724694651164,,
2023-09-01,450,502.63469471828523,,532.1334375474366
2023-09-02,446,502.6221804473326,,
2023-09-03,442,502.60970401887295,,
2023-09-04,441,502.59726531847264,,
2023-09-05,435,502.5848642320439,,
2023-09-06,429,502.5725006458442,,
2023-09-07,416,502.5601744464748,,
2023-09-08,403,502.5478855208798,,
2023-09-09,391,502.5356337563454,,
2023-09-10,380,502.5234190404985,,
2023-09-11,369,502.51124126130577,,
2023-09-12,361,502.49910030707275,,
2023-09-13,352,502.48699606644277,,
2023-09-14,347,502.47492842839574,,
2023-09-15,336,502.46289728224747,,
2023-09-16,327,502.45090251764833,,
2023-09-17,320,502.4389440245825,,
2023-09-18,313,502.4270216933667,,
2023-09-19,302,502.4151354146495,,
2023-09-20,288,502.40328507941,,
2023-09-21,273,502.391470578957,,
2023-09-22,256,502.37969180492814,,
2023-09-23,248,502.3679486492884,,
2023-09-24,226,502.35624100432983,,
2023-09-25,210,502.3445687626699,,
2023-09-26,202,502.33293181725094,,
2023-09-27,180,502.32133006133904,,
2023-09-28,186,502.3097633885229,,
2023-09-29,184,502.29823169271316,,
2023-09-30,180,502.2867348681412,,
2023-10-01,166,502.2752728093582,,531.7740156385096
2023-10-02,162,502.26384541123434,,
2023-10-03,158,502.25245256895755,,
2023-10-04,150,502.24109417803277,,
2023-10-05,138,502.22977013428095,,
2023-10-06,136,502.21848033383804,,
2023-10-07,110,502.20722467315414,,
2023-10-08,94,502.19600304899245,,
2023-10-09,70,502.1848153584282,,
2023-10-10,64,502.1736614988481,,
2023-10-11,60,502.162541367949,,
2023-10-12,55,502.1514548637372,,
2023-10-13,57,502.14040188452725,,
2023-10-14,55,502.12938232894146,,
2023-10-15,58,502.1183960959085,,
2023-10-16,66,502.10744308466275,,
2023-10-17,68,502.09652319474327,,
2023-10-18,58,502.0856363259929,,
2023-10-19,55,502.0747823785574,,
2023-10-20,50,502.0639612528845,,
2023-10-21,50,502.05317284972284,,
2023-10-22,44,502.04241707012136,,
2023-10-23,40,502.03169381542807,,
2023-10-24,24,502.0210029872894,,
2023-10-25,22,502.0103444876492,,
2023-10-26,18,501.9997182187478,,
2023-10-27,25,501.989124083121,,
2023-10-28,30,501.97856198359966,,
2023-10-29,39,501.96803182330825,,
2023-10-30,48,501.95753350566423,,
2023-10-31,50,501.94706693437706,,
2023-11-01,48,501.9366320134475,,531.4353748425989
2023-11-02,50,501.92622864716645,,
2023-11-03,40,501.91585674011446,,
2023-11-04,46,501.9055161971604,,
2023-11-05,48,501.89520692346093,,
2023-11-06,43,501.88492882445945,,
2023-11-07,16,501.87468180588536,,
2023-11-08,14,501.86446577375307,,
2023-11-09,12,501.8542806343612,,
2023-11-10,14,501.8441262942918,,
2023-11-11,21,501.8340026604093,,
2023-11-12,31,501.8239096398598,,
2023-11-13,37,501.8138471400702,,
2023-11-14,37,501.80381506874744,,
2023-11-15,39,501.7938133338773,,
2023-11-16,41,501.7838418437241,,
2023-11-17,39,501.7739005068293,,
2023-11-18,34,501.7639892320111,,
2023-11-19,41,501.75410792836334,,
2023-11-20,44,501.74425650525484,,
2023-11-21,38,501.73443487232834,,
2023-11-22,21,501.7246429395,,
2023-11-23,20,501.7148806169582,,
2023-11-24,28,501.7051478151631,,
2023-11-25,35,501.69544444484546,,
2023-11-26,40,501.6857704170061,,
2023-11-27,50,501.6761256429149,,
2023-11-28,60,501.66651003411,,
2023-11-29,68,501.65692350239726,,
2023-11-30,71,501.64736595984897,,
2023-12-01,65,501.63783731880346,,531.1365801479549
2023-12-02,64,501.62833749186416,,
2023-12-03,63,501.6188663918987,,
2023-12-04,64,501.6094239320382,,
2023-12-05,64,501.60001002567657,,
2023-12-06,58,501.5906245864695,,
2023-12-07,61,501.58126752833385,,
2023-12-08,69,501.5719387654467,,
2023-12-09,71,501.5626382122448,,
2023-12-10,77,501.5533657834235,,
2023-12-11,87,501.54412139393617,,
2023-12-12,104,501.53490495899337,,
2023-12-13,113,501.525716394062,,
2023-12-14,117,501.51655561486467,,
2023-12-15,113,501.5074225373787,,
2023-12-16,114,501.4983170778357,,
2023-12-17,121,501.4892391527204,,
2023-12-18,129,501.48018867877016,,
2023-12-19,132,501.4711655729741,,
2023-12-20,136,501.46216975257244,508.28741684341435,
2023-12-21,146,501.45320113505545,508.13967076157434,
2023-12-22,151,501.4442596381632,508.1168372065663,
2023-12-23,157,501.4353451798842,507.99347907189133,
2023-12-24,164,501.4264576784553,507.90025725284346,
2023-12-25,173,501.4175970523603,507.82668059393825,
2023-12-26,182,501.40876322032955,507.8366017664965,
2023-12-27,184,501.39995610133934,507.83850577427677,
2023-12-28,186,501.3911756146108,507.846862797681,
2023-12-29,187,501.3824216796094,507.89911465802516,
2023-12-30,196,501.3736942160441,508.0829338210148,
2023-12-31,199,501.3649931438667,507.96726318904956,
